MATCH,HALF,POSS,TEAM,OPP,SOURCE,START,END,LOST,SOURCE NOTE,LOST NOTE,,,,,,
1,1,1,ARG,ENG,PK,5,5,Kick,"PK: restart infraction, ctc with man in air",Kick: PK missed touch,,,,,,
1,1,2,ENG,ARG,Kick,2,3,Kick,,,,,,,,
1,1,3,ARG,ENG,Kick,12,12,HE,,HE: knock on,,,,,,
1,1,4,ENG,ARG,Intercept,4,5,Intercept,,,,,,,,
1,1,5,ARG,ENG,Intercept,11,14,TRY,,TRY: converted,,,,,,
1,1,6,ENG,ARG,Restart,5,8,HE,,HE: knock on,,,,,,
1,1,7,ARG,ENG,PK,8,14,HE,PK: wheeled scrum,HE: knock on,,,,,,
1,1,8,ENG,ARG,Scrum,2,14,TRY,,TRY: converted,,,,,,
1,1,9,ARG,ENG,Restart,5,8,PEN,,PEN: not releasing,,,,,,
1,1,10,ENG,ARG,PK,8,7,Kick,PK: ball carrier not releasing,,,,,,,
1,1,11,ARG,ENG,Kick,3,3,Kick to touch,,,,,,,,
1,2,12,ARG,ENG,Reclaim,11,11,Intercept,,,,,,,,
1,2,13,ENG,ARG,Intercept,2,5,PEN,,PEN: pulling defender off feet,,,,,,
1,2,14,ARG,ENG,PK,11,14,TRY,PK: pulling defender off feet,TRY: converted,,,,,,
1,2,15,ENG,ARG,Restart,6,15,TRY,,,,,,,,
1,2,16,ARG,ENG,Restart,4,2,Kick,,,,,,,,
1,2,17,ENG,ARG,Kick,2,5,PEN,,PEN: not releasing,,,,,,
1,2,18,ARG,ENG,PK,11,15,TRY,PK: ball carrier not releasing,TRY: converted,,,,,,
1,2,19,ENG,ARG,Restart,3,14,TRY,,TRY: converted,,,,,,
1,2,20,ARG,ENG,Restart,8,8,Kick to touch,,,,,,,,
2,1,1,USA,CAN,Restart,5,8,Poached,,,,,,,,
2,1,2,CAN,USA,Poach,11,13,HE,,HE: forward pass,,,,,,
2,1,3,USA,CAN,Scrum,3,3,Kick,,,,,,,,
2,1,4,CAN,USA,Kick,8,15,Intercept,,,,,,,,
2,1,5,USA,CAN,Intercept,1,8,PEN,,PEN: ball carrier not releasing,,,,,,
2,1,6,CAN,USA,PK,8,11,Intercept,,,,,,,,
2,1,7,USA,CAN,Intercept,5,14,TRY,,TRY: converted,,,,,,
2,1,8,CAN,USA,Restart,2,13,TRY,,,,,,,,
2,2,9,USA,CAN,Reclaim,7,13,TRY,,,,,,,,
2,2,10,CAN,USA,Line out,8,15,PEN,Line out: restart kicked to touch,PEN: hands in the ruck,,,,,,
2,2,11,USA,CAN,PK,1,2,PEN,PK: hands in the ruck,PEN: ball carrier not releasing,,,,,,
2,2,12,CAN,USA,PK,14,15,TRY,PK: ball carrier not releasing,,,,,,,
2,2,13,CAN,USA,Reclaim,8,15,TRY,,,,,,,,
2,2,14,USA,CAN,Restart,5,9,Intercept,,,,,,,,
2,2,15,CAN,USA,Intercept,7,8,HE,,HE: knock on,,,,,,
2,2,16,USA,CAN,Scrum,8,13,TRY,,,,,,,,
3,1,1,FRA,NZL,Scrum,11,11,HE,Scrum: knocked on restart,HE: lost fwd in tackle,,,,,,
3,1,2,NZL,FRA,Scrum,5,15,TRY,,,,,,,,
3,1,3,FRA,NZL,Restart,4,15,Counter ruck,,,,,,,,
3,1,4,NZL,FRA,Counter ruck,1,4,Intercept,,,,,,,,
3,1,5,FRA,NZL,Intercept,12,13,PEN,,PEN: ball carrier not releasing,,,,,,
3,1,6,NZL,FRA,PK,3,14,TRY,PK: ball carrier not releasing,TRY: converted,,,,,,
3,1,7,FRA,NZL,Restart,3,2,PEN,,PEN: ball carrier not releasing,,,,,,
3,1,8,NZL,FRA,PK,14,14,TRY,PK: ball carrier not releasing,TRY: converted,,,,,,
3,2,9,FRA,NZL,Restart,6,14,TRY,,TRY: converted,,,,,,
3,2,10,NZL,FRA,FK,8,13,Intercept,FK: restart direct to touch,,,,,,,
3,2,11,FRA,NZL,Intercept,3,2,PEN,,PEN: ball carrier not releasing,,,,,,
3,2,12,NZL,FRA,PK,14,14,TRY,PK: ball carrier not releasing,TRY: converted,,,,,,
3,2,13,FRA,NZL,Restart,6,5,PEN,,PEN: ball carrier not releasing,,,,,,
3,2,14,NZL,FRA,PK,11,13,TRY,PK: ball carrier not releasing,TRY: converted,,,,,,
3,2,15,NZL,FRA,Scrum,11,15,TRY,Scrum: knocked on restart,,,,,,,
4,1,1,JPN,SAM,Restart,2,14,TRY,,TRY: converted,,,,,,
4,1,2,JPN,SAM,Scrum,11,8,Intercept,Scrum: knocked on restart,,,,,,,
4,1,3,SAM,JPN,Intercept,8,14,TRY,,TRY: converted,,,,,,
4,1,4,JPN,SAM,Restart,5,5,Intercept,,,,,,,,
4,1,5,SAM,JPN,Intercept,11,14,TRY,,TRY: converted,,,,,,
4,1,6,JPN,SAM,Restart,5,8,HE,,HE: knock on,,,,,,
4,1,7,SAM,JPN,Scrum,8,8,Kick,,,,,,,,
4,1,8,JPN,SAM,Kick,1,11,Counter ruck,,,,,,,,
4,1,9,SAM,JPN,Counter ruck,5,14,TRY,,TRY: converted,,,,,,
4,2,10,JPN,SAM,Reclaim,10,11,PEN,,PEN: ball carrier not releasing,,,,,,
4,2,11,SAM,JPN,PK,5,14,TRY,PK: ball carrier not releasing,TRY: converted,,,,,,
4,2,12,JPN,SAM,Restart,6,5,Poached,,Poached: lost in standing tackle,,,,,,
4,2,13,SAM,JPN,Poach,11,15,TRY,,,,,,,,
4,2,14,JPN,SAM,Restart,5,9,Poached,,,,,,,,
4,2,15,SAM,JPN,Poach,7,7,HE,,HE: knock on,,,,,,
4,2,16,JPN,SAM,FK,9,11,Poached,FK: illegal bind on scrum,,,,,,,
4,2,17,SAM,JPN,Poach,5,14,TRY,,TRY: converted,,,,,,
4,2,18,JPN,SAM,Restart,6,14,TRY,,TRY: converted,,,,,,
5,1,1,RSA,WAL,Restart,7,15,Counter ruck,,,,,,,,
5,1,2,WAL,RSA,Counter ruck,1,13,Tackled to touch,,,,,,,,
5,1,3,RSA,WAL,Line out,3,2,Kick to touch,,,,,,,,
5,1,4,WAL,RSA,Line out,7,8,Poached,,,,,,,,
5,1,5,RSA,WAL,Poach,8,15,Line out infraction,,Line out: not straight,,,,,,
5,1,6,WAL,RSA,Scrum,1,2,PEN,,PEN: fwd to teammate,,,,,,
5,1,7,RSA,WAL,PK,14,14,PT,PK: thrown fwd to teammate,PT: deliberate knock on in goal; TRY: converted,,,,,,
5,1,8,WAL,RSA,Restart,1,2,Kick,,,,,,,,
5,1,9,RSA,WAL,Kick,4,4,Kick,,,,,,,,
5,1,10,WAL,RSA,Kick,6,12,HE,,HE: knock on,,,,,,
5,1,11,RSA,WAL,Scrum,4,5,Kick,,,,,,,,
5,1,12,WAL,RSA,Kick,1,8,Poached,,,,,,,,
5,1,13,RSA,WAL,Poach,8,14,TRY,,TRY: converted,,,,,,
5,2,14,WAL,RSA,Restart,1,14,TRY,,TRY: converted,,,,,,
5,2,15,RSA,WAL,Restart,6,14,TRY,,TRY: converted,,,,,,
5,2,16,WAL,RSA,FK,8,14,TRY,FK: restart not 10,,,,,,,
5,2,17,RSA,WAL,Restart,4,4,PEN,,PEN: ball carrier not releasing,,,,,,
5,2,18,WAL,RSA,PK,12,13,PEN,PK: ball carrier not releasing,PEN: ball carrier not releasing,,,,,,
5,2,19,RSA,WAL,PK,1,8,Intercept,PK: ball carrier not releasing,,,,,,,
5,2,20,WAL,RSA,Intercept,8,8,HE,,HE: knock on,,,,,,
6,1,1,KEN,ASM,Scrum,8,14,TRY,Scrum: knocked on restart,TRY: converted,,,,,,
6,1,2,KEN,ASM,PK,11,14,Intercept,PK: fwd to player in off side position,,,,,,,
6,1,3,ASM,KEN,Intercept,2,2,HE,,HE: knock on,,,,,,
6,1,4,KEN,ASM,Scrum,14,11,Intercept,,,,,,,,
6,1,5,ASM,KEN,Intercept,5,7,Tackled to touch,,,,,,,,
6,1,6,KEN,ASM,Line out,9,14,TRY,Line out: quick,TRY: converted,,,,,,
6,1,7,KEN,ASN,Reclaim,10,13,Tackled to touch,,,,,,,,
6,1,8,ASM,KEN,Line out,3,3,Line out stolen,,,,,,,,
6,1,9,KEN,ASM,Line out stolen,13,13,TRY,,TRY: converted,,,,,,
6,1,10,ASM,KEN,Restart,6,11,Poached,,Poached: lost in standing tackle,,,,,,
6,1,11,KEN,ASM,Poach,5,15,TRY,,TRY: converted,,,,,,
6,2,12,ASM,KEN,Restart,6,7,Kick,,,,,,,,
6,2,13,KEN,ASM,Kick,9,9,HE,,HE: lost fwd in tackle,,,,,,
6,2,14,ASM,KEN,Scrum,7,8,PEN,,PEN: collapsing the ruck,,,,,,
6,2,15,KEN,ASM,PK,8,14,TRY,PK: collapsing the ruck,TRY: converted,,,,,,
6,2,16,ASM,KEN,Restart,5,7,Intercept,,,,,,,,
6,2,17,KEN,ASM,Intercept,9,14,PEN,,PEN: ball carrier not releasing,,,,,,
6,2,18,ASM,KEN,PK,2,5,PEN,PK: ball carrier not releasing,PEN: diving over,,,,,,
6,2,19,KEN,ASM,PK,11,14,TRY,,TRY: converted,,,,,,
6,2,20,ASM,KEN,Restart,6,8,Counter ruck,,,,,,,,
6,2,21,KEN,ASM,Counter ruck,2,9,HE,,HE: knock on,,,,,,
6,2,22,ASM,KEN,Scrum,7,8,HE,,HE: knock on,,,,,,
7,1,1,FIJ,SCO,Reclaim,10,14,HE,,HE: knock on in goal,,,,,,
7,1,2,SCO,FIJ,Scrum,2,3,PEN,,PEN: diving over,,,,,,
7,1,3,FIJ,SCO,PK,13,14,TRY,PK: diving over,TRY: converted,,,,,,
7,1,4,SCO,FIJ,Restart,5,10,Tackled to touch,,,,,,,,
7,1,5,FIJ,SCO,Line out,6,14,HE,Line out: quick,HE: knock on,,,,,,
7,1,6,SCO,FIJ,Scrum,2,2,Kick,,,,,,,,
7,1,7,FIJ,SCO,Kick,7,14,TRY,,TRY: converted,,,,,,
7,1,8,FIJ,SCO,Reclaim,10,13,Intercept,,,,,,,,
7,1,9,SCO,FIJ,Intercept,3,14,TRY,,TRY: converted,,,,,,
7,2,10,SCO,FIJ,Reclaim,12,12,PEN,,PEN: ball carrier not releasing,,,,,,
7,2,11,FIJ,SCO,PK,4,14,TRY,PK: ball carrier not releasing,TRY: converted,,,,,,
7,2,12,SCO,FIJ,Restart,6,6,PEN,,PEN: ball carrier not releasing,,,,,,
7,2,13,FIJ,SCO,PK,10,14,TRY,PK: ball carrier not releasing,TRY: converted,,,,,,
7,2,14,SCO,FIJ,Restart,6,8,Poached,,,,,,,,
7,2,15,FIJ,SCO,Poach,8,13,TRY,,,,,,,,
7,2,16,FIJ,SCO,Reclaim,12,14,TRY,,TRY: converted,,,,,,
7,2,17,FIJ,SCO,Reclaim,8,7,Intercept,,,,,,,,
7,2,18,SCO,FIJ,Intercept,9,14,Intercept,,,,,,,,
7,2,19,FIJ,SCO,Intercept,2,15,Kick,,,,,,,,
7,2,20,SCO,FIJ,Kick,1,8,HE,,HE: lost fwd in tackle,,,,,,
8,1,1,POR,AUS,Restart,4,7,Maul,,Maul: held up,,,,,,
8,1,2,AUS,POR,Scrum,9,14,TRY,,TRY: converted,,,,,,
8,1,3,POR,AUS,Restart,6,6,Poached,,Poached: lost in standing tackle,,,,,,
8,1,4,AUS,POR,Poach,10,13,TRY,,,,,,,,
8,1,5,POR,AUS,FK,8,10,Maul,FK: restart not 10,Maul: held up,,,,,,
8,1,6,AUS,POR,Scrum,6,14,TRY,,TRY: converted,,,,,,
8,2,7,POR,AUS,Reclaim,8,10,Tackled to touch,,,,,,,,
8,2,8,AUS,POR,Line out,6,12,Intercept,,,,,,,,
8,2,9,POR,AUS,Intercept,4,4,Intercept,,,,,,,,
8,2,10,AUS,POR,Intercept,12,13,TRY,,,,,,,,
8,2,11,AUS,POR,Reclaim,10,13,TRY,,,,,,,,
8,2,12,POR,AUS,Scrum,4,4,HE,Scrum: knocked on restart,HE: knock on,,,,,,
9,1,1,USA,ENG,Restart,6,7,PEN,,PEN: ball carrier not releasing,,,,,,
9,1,2,ENG,USA,PK,9,13,Line out infraction,PK: ball carrier not releasing,Line out: not straight,,,,,,
9,1,3,USA,ENG,Scrum,3,15,PEN,,PEN: ball carrier not releasing,,,,,,
9,1,4,ENG,USA,PK,1,12,Tackled to touch,PK: ball carrier not releasing,,,,,,,
9,1,5,USA,ENG,Line out,4,14,Poached,,,,,,,,
9,1,6,ENG,USA,Poach,2,14,TRY,,,,,,,,
9,2,7,USA,ENG,Reclaim,11,13,PEN,,PEN: diving over,,,,,,
9,2,8,ENG,USA,PK,3,8,HE,PK: diving over,HE: knock on,,,,,,
9,2,9,USA,ENG,Scrum,8,8,Intercept,,,,,,,,
9,2,10,ENG,USA,Intercept,8,8,PEN,,PEN: ball carrier not releasing,,,,,,
9,2,11,USA,ENG,PK,8,14,TRY,PK: ball carrier not releasing,TRY: converted,,,,,,
9,2,12,ENG,USA,Restart,4,7,Counter ruck,,,,,,,,
9,2,13,USA,ENG,Counter ruck,9,6,HE,,HE: thrown to touch,,,,,,
9,2,14,ENG,USA,Line out,10,10,Line out stolen,,,,,,,,
9,2,15,USA,ENG,Line out stolen,6,12,Poached,,,,,,,,
9,2,16,ENG,USA,Poach,4,14,TRY,,TRY: converted,,,,,,
9,2,17,USA,ENG,FK,8,8,PEN,FK: restart direct to touch,PEN: obstruction,,,,,,
9,2,18,ENG,USA,PK,8,8,Kick to touch,PK: obstruction,,,,,,,
10,1,1,ARG,CAN,Restart,3,13,PEN,,PEN: ball carrier not releasing,,,,,,
10,1,2,CAN,ARG,PK,13,14,TRY,PK: ball carrier not releasing,,,,,,,
10,1,3,ARG,CAN,Restart,6,6,Intercept,,,,,,,,
10,1,4,CAN,ARG,Intercept,10,8,Kick,,,,,,,,
10,1,5,ARG,CAN,Kick,2,2,Tackled in goal,,,,,,,,
10,1,6,CAN,ARG,Scrum,14,14,TRY,,TRY: converted,,,,,,
10,1,7,ARG,CAN,Restart,3,14,TRY,,,,,,,,
10,1,8,CAN,ARG,Restart,5,5,Poached,,,,,,,,
10,1,9,ARG,CAN,Poach,11,11,HE,,HE: knock on,,,,,,
10,1,10,CAN,ARG,Scrum,5,5,Kick to touch,,,,,,,,
10,2,11,CAN,ARG,Restart,6,14,PEN,,PEN: hands in the ruck,,,,,,
10,2,12,ARG,CAN,PK,2,14,TRY,PK: hands in the ruck,TRY: converted,,,,,,
10,2,13,CAN,ARG,Restart,4,9,HE,,HE: knock on,,,,,,
10,2,14,ARG,CAN,Scrum,7,13,Line out stolen,,,,,,,,
10,2,15,CAN,ARG,Line out stolen,3,4,HE,,HE: knock on,,,,,,
10,2,16,ARG,CAN,Scrum,12,15,Intercept,,,,,,,,
10,2,17,CAN,ARG,Intercept,1,1,HE,,HE: forward pass,,,,,,
11,1,1,JPN,NZL,Restart,4,5,Counter ruck,,,,,,,,
11,1,2,NZL,JPN,Counter ruck,11,13,TRY,,TRY: converted,,,,,,
11,1,3,NZL,JPN,Reclaim,10,14,TRY,,TRY: converted,,,,,,
11,1,4,JPN,NZL,Restart,5,8,Poached,,,,,,,,
11,1,5,NZL,JPN,Poach,8,13,TRY,,TRY: converted,,,,,,
11,1,6,JPN,NZL,Restart,6,5,Intercept,,,,,,,,
11,1,7,NZL,JPN,Intercept,11,14,TRY,,TRY: converted,,,,,,
11,1,8,NZL,JPN,Reclaim,11,14,TRY,,TRY: converted,,,,,,
11,2,9,JPN,NZL,Scrum,10,14,PEN,Scrum: knocked on restart,PEN: collapsing the ruck,,,,,,
11,2,10,NZL,JPN,PK,2,9,Line out stolen,PK: collapsing the ruck,,,,,,,
11,2,11,JPN,NZL,Line out stolen,7,11,HE,,HE: knock on,,,,,,
11,2,12,NZL,JPN,Scrum,5,15,TRY,,,,,,,,
11,2,13,JPN,NZL,Restart,4,5,Counter ruck,,,,,,,,
11,2,14,NZL,JPN,Counter ruck,11,14,TRY,,TRY: converted,,,,,,
11,2,15,NZL,JPN,Reclaim,11,13,TRY,,,,,,,,
11,2,16,NZL,JPN,Reclaim,12,14,TRY,,TRY: converted,,,,,,
12,1,1,FRA,SAM,Restart,6,14,TRY,,TRY: converted,,,,,,
12,1,2,SAM,FRA,Restart,6,13,Tackled to touch,,,,,,,,
12,1,3,FRA,SAM,Line out,3,1,Scrum lost,,,,,,,,
12,1,4,SAM,FRA,Scrum stolen,15,15,PEN,,PEN: ball carrier not releasing,,,,,,
12,1,5,FRA,SAM,PK,1,14,PEN,PK: ball carrier not releasing,PEN: double move,,,,,,
12,1,6,SAM,FRA,PK,2,1,Poached,PK: double move,,,,,,,
12,1,7,FRA,SAM,Poach,15,15,HE,,HE: knock on,,,,,,
12,1,8,SAM,FRA,Scrum,1,14,TRY,,TRY: converted,,,,,,
12,1,9,FRA,SAM,Restart,6,6,HE,,HE: ball lost fwd in tackle,,,,,,
12,1,10,SAM,FRA,Scrum,10,14,Poached,,,,,,,,
12,1,11,FRA,SAM,Poach,2,1,HE,,HE: ball lost fwd in tackle,,,,,,
12,2,12,SAM,FRA,Restart,6,5,Intercept,,,,,,,,
12,2,13,FRA,SAM,Intercept,11,15,TRY,,,,,,,,
12,2,14,SAM,FRA,Restart,6,8,PEN,,PEN: ball carrier not releasing,,,,,,
12,2,15,FRA,SAM,PK,8,12,Kick,PK: ball carrier not releasing,,,,,,,
12,2,16,SAM,FRA,Kick,1,11,Intercept,,,,,,,,
12,2,17,FRA,SAM,Intercept,5,6,Tackled to touch,,,,,,,,
12,2,18,SAM,FRA,Line out,10,10,Line out stolen,,,,,,,,
12,2,19,FRA,SAM,Line out stolen,6,5,Counter ruck,,,,,,,,
12,2,20,SAM,FRA,Counter ruck,11,14,TRY,,TRY: converted,,,,,,
12,2,21,SAM,FRA,Scrum,11,11,Intercept,Scrum: knocked on restart,,,,,,,
12,2,22,FRA,SAM,Intercept,5,7,HE,,HE: ball lost fwd in tackle,,,,,,
12,2,23,SAM,FRA,FK,9,14,Intercept,,,,,,,,
12,2,24,FRA,SAM,Intercept,2,2,Intercept,,,,,,,,
12,2,25,SAM,FRA,Intercept,14,13,TRY,,,,,,,,
13,1,1,ASM,RSA,Restart,4,4,HE,,HE: ball lost fwd in tackle,,,,,,
13,1,2,RSA,ASM,Scrum,12,14,Intercept,,,,,,,,
13,1,3,ASM,RSA,Intercept,2,2,Kick,,,,,,,,
13,1,4,RSA,ASM,Kick,7,11,HE,,HE: knock on,,,,,,
13,1,5,ASM,RSA,Scrum,5,5,PEN,,PEN: tripping,,,,,,
13,1,6,RSA,ASM,PK,11,11,HE,PK: tripping,HE: knock on,,,,,,
13,1,7,ASM,RSA,Scrum,5,5,Scrum infraction,,,,,,,,
13,1,8,RSA,ASM,FK,11,14,TRY,FK: scrum infraction,TRY: converted,,,,,,
13,1,9,RSA,ASM,Scrum,12,14,TRY,Scrum: restart knocked to touch,,,,,,,
13,1,10,RSA,ASM,Reclaim,9,15,TRY,,,,,,,,
13,1,11,ASM,RSA,Restart,4,3,HE,,HE: fwd pass,,,,,,
13,2,12,RSA,ASM,Restart,5,14,TRY,,TRY: converted,,,,,,
13,2,13,ASM,RSA,FK,8,8,PEN,FK: restart direct to touch,PEN: ball carrier not releasing,,,,,,
13,2,14,RSA,ASM,PK,8,14,TRY,PK: ball carrier not releasing,,,,,,,
13,2,15,ASM,RSA,Restart,4,7,Poached,,Poached: wrong side poach,,,,,,
13,2,16,RSA,ASM,Poach,9,13,TRY,,TRY: converted,,,,,,
13,2,17,ASM,RSA,Restart,5,2,Intercept,,,,,,,,
13,2,18,RSA,ASM,Intercept,14,14,TRY,,,,,,,,
13,2,19,ASM,RSA,Restart,4,1,PEN,,PEN: ball carrier not releasing,,,,,,
13,2,20,RSA,ASM,PK,15,13,TRY,PK: ball carrier not releasing,TRY: converted,,,,,,
14,1,1,WAL,KEN,Restart,3,14,TRY,,,,,,,,
14,1,2,KEN,WAL,Restart,4,2,Intercept,,,,,,,,
14,1,3,WAL,KEN,Intercept,14,14,TRY,,TRY: converted,,,,,,
14,1,4,KEN,WAL,Restart,4,7,HE,,HE: knock on,,,,,,
14,1,5,WAL,KEN,Scrum,9,7,PEN,,PEN: double move,,,,,,
14,1,6,KEN,WAL,PK,9,12,HE,PK: double move,HE: knock on,,,,,,
14,1,7,WAL,KEN,Line out,4,2,Kick,,,,,,,,
14,1,8,KEN,WAL,Kick,8,14,HE,,HE: knock on,,,,,,
14,1,9,WAL,KEN,Scrum,2,2,Kick to touch,,,,,,,,
14,2,10,WAL,KEN,Reclaim,10,13,TRY,,,,,,,,
14,2,11,KEN,WAL,Restart,2,14,TRY,,TRY: converted,,,,,,
14,2,12,WAL,KEN,Restart,5,5,PEN,,PEN: double move,,,,,,
14,2,13,KEN,WAL,PK,11,14,TRY,PK: double move,TRY: converted,,,,,,
14,2,14,KEN,WAL,Scrum,11,14,TRY,Scrum: knocked on restart,,,,,,,
14,2,15,WAL,KEN,Restart,6,8,HE,,HE: knock on,,,,,,
14,2,16,KEN,WAL,Scrum,8,8,Kick,,,,,,,,
14,2,17,WAL,KEN,Kick,1,15,TRY,,,,,,,,
15,1,1,FIJ,POR,Line out,10,14,HE,Line out: restart to touch,HE: fwd pass,,,,,,
15,1,2,POR,FIJ,Scrum,2,2,PEN,,PEN: off side,,,,,,
15,1,3,FIJ,POR,PK,13,15,TRY,PK: off side,TRY: converted,,,,,,
15,1,4,POR,FIJ,Restart,6,1,HE,,HE: lost fwd in tackle,,,,,,
15,1,5,FIJ,POR,Scrum,15,13,TRY,,,,,,,,
15,1,6,FIJ,POR,Reclaim,7,11,HE,,HE: knock on,,,,,,
15,1,7,POR,FIJ,Scrum,5,10,PEN,,PEN: ball carrier not releasing,,,,,,
15,1,8,FIJ,POR,PK,6,6,HE,PK: ball carrier not releasing,HE: knock on,,,,,,
15,2,9,FIJ,POR,Restart,6,13,TRY,,,,,,,,
15,2,10,POR,FIJ,Restart,5,14,Poached,,,,,,,,
15,2,11,FIJ,POR,Poach,2,13,Tackled in goal,,,,,,,,
15,2,12,FIJ,POR,22,8,7,Intercept,,,,,,,,
15,2,13,POR,FIJ,Intercept,9,15,Tackled to touch,,,,,,,,
15,2,14,FIJ,POR,Line out,1,14,TRY,,TRY: converted,,,,,,
15,2,15,POR,FIJ,Scrum,6,2,PEN,Scrum: knocked on restart,PEN: collapsing the ruck,,,,,,
15,2,16,FIJ,POR,PK,14,14,TRY,PK: collapsing the ruck,TRY: converted,,,,,,
15,2,17,FIJ,POR,Reclaim,11,14,TRY,,TRY: converted,,,,,,
16,1,1,AUS,SCO,Scrum,11,13,TRY,Scrum: knocked on restart,,,,,,,
16,1,2,SCO,AUS,Restart,6,15,Intercept,,,,,,,,
16,1,3,AUS,SCO,Intercept,1,1,Intercept,,,,,,,,
16,1,4,SCO,AUS,Intercept,15,1,TRY,,TRY: converted,,,,,,
16,1,5,AUS,SCO,FK,8,11,Poached,FK: restart direct to touch,,,,,,,
16,1,6,SCO,AUS,Poach,5,14,TRY,Poach: uncovered ruck,TRY: converted,,,,,,
16,1,7,AUS,SCO,FK,8,10,HE,FK: restart not 10,HE: knock on,,,,,,
16,1,8,SCO,AUS,PK,6,9,Kick to touch,PK: collapsing the scrum,,,,,,,
16,2,9,AUS,SCO,Restart,5,5,HE,,HE: knock on,,,,,,
16,2,10,SCO,AUS,Scrum,11,11,Scrum lost,,,,,,,,
16,2,11,AUS,SCO,Scrum stolen,5,2,Kick to touch,,,,,,,,
16,2,12,SCO,AUS,Line out,4,4,Line out infraction,,Line out: not straight,,,,,,
16,2,13,AUS,SCO,Scrum,12,13,TRY,,TRY: converted,,,,,,
16,2,14,AUS,SCO,Reclaim,11,14,TRY,,TRY: converted,,,,,,
16,2,15,AUS,SCO,Reclaim,12,15,TRY,,,,,,,,
16,2,16,SCO,AUS,Scrum,4,5,Counter ruck,Scrum: knocked on restart,Counter ruck: knock on,,,,,,
17,1,1,ARG,USA,Restart,4,4,HE,,HE: ball lost fwd in tackle,,,,,,
17,1,2,USA,ARG,Intercept,9,10,PEN,,PEN: ball carrier not releasing,,,,,,
17,1,3,ARG,USA,PK,6,13,TRY,PK: ball carrier not releasing,,,,,,,
17,1,4,USA,ARG,Restart,6,14,TRY,,TRY: converted,,,,,,
17,1,5,ARG,USA,Restart,4,11,Intercept,,,,,,,,
17,1,6,USA,ARG,Intercept,2,3,Tackled to touch,,,,,,,,
17,1,7,ARG,USA,Line out,13,14,TRY,,TRY: converted,,,,,,
17,2,8,USA,ARG,Restart,6,3,PEN,,PEN: double move,,,,,,
17,2,9,ARG,USA,PK,13,13,Tackled to touch,PK: double move,,,,,,,
17,2,10,USA,ARG,Line out,3,7,HE,,HE: ball lost fwd in tackle,,,,,,
17,2,11,ARG,USA,Scrum,9,7,Kick,,,,,,,,
17,2,12,USA,ARG,Kick,6,7,Intercept,,,,,,,,
17,2,13,ARG,USA,Intercept,9,14,TRY,,TRY: converted,,,,,,
17,2,14,USA,ARG,Restart,7,11,HE,,HE: knock on,,,,,,
17,2,15,ARG,USA,Scrum,5,5,Scrum lost,,,,,,,,
17,2,16,USA,ARG,Scrum stolen,11,13,TRY,,TRY: converted,,,,,,
17,2,17,ARG,USA,Restart,6,14,TRY,,TRY: converted,,,,,,
18,1,1,ENG,CAN,Restart,6,14,TRY,,TRY: converted,,,,,,
18,1,2,CAN,ENG,Restart,5,14,TRY,,TRY: converted,,,,,,
18,1,3,CAN,ENG,Reclaim,11,11,PEN,,PEN: hands in the ruck,,,,,,
18,1,4,ENG,CAN,PK,5,7,Kick,PK: hands in the ruck,,,,,,,
18,1,5,CAN,ENG,Kick,2,2,Kick,,,,,,,,
18,1,6,ENG,CAN,Kick,7,8,Intercept,,,,,,,,
18,1,7,CAN,ENG,Intercept,8,13,Intercept,,,,,,,,
18,1,8,ENG,CAN,Intercept,3,14,TRY,,TRY: converted,,,,,,
18,2,9,CAN,ENG,Scrum,5,13,PEN,Scrum: knocked on restart,PEN: diving over,,,,,,
18,2,10,ENG,CAN,PK,4,11,HE,,HE: knock on,,,,,,
18,2,11,CAN,ENG,Scrum,5,9,HE,,HE: fwd pass,,,,,,
18,2,12,ENG,CAN,Scrum,7,15,TRY,,,,,,,,
18,2,13,CAN,ENG,Restart,8,15,TRY,,,,,,,,
18,2,14,ENG,CAN,Restart,6,8,PEN,,PEN: ball carrier not releasing,,,,,,
18,2,15,CAN,ENG,PK,8,8,Kick to touch,PK: ball carrier not releasing,,,,,,,
19,1,1,JPN,FRA,Restart,6,8,Poached,,,,,,,,
19,1,2,FRA,JPN,Poach,8,14,TRY,,TRY: converted,,,,,,
19,1,3,JPN,FRA,Restart,5,7,Kick,,,,,,,,
19,1,4,FRA,JPN,Kick,7,14,TRY,,,,,,,,
19,1,5,JPN,FRA,Restart,6,8,PEN,,PEN: ball carrier not releasing,,,,,,
19,1,6,FRA,JPN,PK,8,14,TRY,PK: ball carrier not releasing,TRY: converted,,,,,,
19,1,7,JPN,FRA,Restart,7,13,Counter ruck,,Counter ruck: uncovered,,,,,,
19,1,8,FRA,JPN,Counter ruck,3,4,HE,,HE: knock on,,,,,,
19,1,9,JPN,FRA,Scrum,12,14,Poached,,,,,,,,
19,1,10,FRA,JPN,Poach,2,1,PEN,,PEN: ball carrier not releasing,,,,,,
19,1,11,JPN,FRA,PK,1,14,TRY,PK: ball carrier not releasing,TRY: converted,,,,,,
19,2,12,FRA,JPN,Scrum,11,4,HE,Scrum: knocked on restart,HE: knock on,,,,,,
19,2,13,JPN,FRA,Scrum,12,13,TRY,,TRY: converted,,,,,,
19,2,14,FRA,JPN,Restart,12,13,TRY,,TRY: converted,,,,,,
19,2,15,FRA,JPN,Scrum,12,11,PEN,Scrum: knocked on restart,PEN: ball carrier not releasing,,,,,,
19,2,16,JPN,FRA,PK,5,14,Poached,PK: ball carrier not releasing,,,,,,,
19,2,17,FRA,JPN,Poach,2,14,TRY,,TRY: converted,,,,,,
20,1,1,NZL,SAM,Restart,2,14,TRY,,TRY: converted,,,,,,
20,1,2,SAM,NZL,Restart,4,13,TRY,,,,,,,,
20,1,3,NZL,SAM,Restart,3,14,TRY,,TRY: converted,,,,,,
20,1,4,NZL,SAM,Line out,12,11,Intercept,Line out: lost to touch by receiving team,,,,,,,
20,1,5,SAM,NZL,Intercept,5,14,TRY,,TRY: converted,,,,,,
20,2,6,SAM,NZL,Restart,2,15,TRY,,,,,,,,
20,2,7,NZL,SAM,Restart,3,3,Intercept,,,,,,,,
20,2,8,SAM,NZL,Intercept,10,11,Intercept,,,,,,,,
20,2,9,NZL,SAM,Intercept,5,14,TRY,,TRY: converted,,,,,,
20,2,10,SAM,NZL,Restart,6,4,HE,,HE: ball lost fwd in tackle,,,,,,
20,2,11,NZL,SAM,Scrum,12,14,TRY,,TRY: converted,,,,,,
20,2,12,SAM,NZL,Restart,6,5,HE,,HE: knock on,,,,,,
21,1,1,WAL,ASM,Reclaim,10,14,TRY,,,,,,,,
21,1,2,ASM,WAL,Restart,6,7,HE,,HE: knock on,,,,,,
21,1,3,WAL,ASM,Scrum,9,13,TRY,,,,,,,,
21,1,4,WAL,ASM,Scrum,10,14,TRY,Scrum: knocked on restart,TRY: converted,,,,,,
21,1,5,WAL,ASM,Reclaim,10,13,Poached,,,,,,,,
21,1,6,ASM,WAL,Poach,3,2,HE,,HE: ball lost fwd in tackle,,,,,,
21,2,7,ASM,WAL,Scrum,8,7,Tackled to touch,Scrum: knocked on restart,,,,,,,
21,2,8,WAL,SAM,Line out,9,15,Tackled to touch,,,,,,,,
21,2,9,ASM,WAL,Line out,1,1,Poached,,,,,,,,
21,2,10,WAL,ASM,Poach,15,14,TRY,,TRY: converted,,,,,,
21,2,11,ASM,WAL,Restart,5,7,HE,,HE: knock on,,,,,,
21,2,12,WAL,ASM,Scrum,9,14,TRY,,,,,,,,
21,2,13,ASM,WAL,Restart,6,6,Tackled to touch,,,,,,,,
21,2,14,WAL,ASM,Line out,7,14,Intercept,,,,,,,,
21,2,15,ASM,WAL,Intercept,2,5,PEN,,PEN: ball carrier not releasing,,,,,,
21,2,16,WAL,ASM,PK,11,13,TRY,PK: ball carrier not releasing,TRY: converted,,,,,,
22,1,1,KEN,RSA,Reclaim,12,15,Tackled to touch,,,,,,,,
22,1,2,RSA,KEN,Line out,1,2,Kick,,,,,,,,
22,1,3,KEN,RSA,Kick,7,8,Poached,,,,,,,,
22,1,4,RSA,KEN,Poach,8,15,TRY,,TRY: converted,,,,,,
22,1,5,KEN,RSA,Restart,1,1,Counter ruck,,,,,,,,
22,1,6,RSA,KEN,Counter ruck,15,13,TRY,,TRY: converted,,,,,,
22,1,7,RSA,KEN,Scrum,12,15,Intercept,Scrum: knocked on restart,HE: ball lost fwd in tackle,,,,,,
22,1,8,KEN,RSA,Intercept,1,6,HE,,HE: knock on,,,,,,
22,1,9,RSA,KEN,Scrum,10,15,TRY,,,,,,,,
22,1,10,KEN,RSA,Restart,1,4,HE,,HE: ball lost fwd in tackle,,,,,,
22,1,11,RSA,KEN,Scrum,12,14,HE,,HE: fwd pass,,,,,,
22,2,12,KEN,RSA,Restart,1,2,Intercept,,,,,,,,
22,2,13,RSA,KEN,Intercept,14,14,TRY,,TRY: converted,,,,,,
22,2,14,KEN,RSA,Restart,4,5,Intercept,,,,,,,,
22,2,15,RSA,KEN,Intercept,9,14,TRY,,,,,,,,
22,2,16,KEN,RSA,Restart,4,2,Kick,,,,,,,,
22,2,17,RSA,KEN,Kick,1,5,Kick to touch,,,,,,,,
22,2,18,KEN,RSA,Line out,1,1,HE,Line out: quick,HE: knock on,,,,,,
22,2,19,RSA,KEN,Scrum,15,15,TRY,,TRY: converted,,,,,,
22,2,20,KEN,RSA,Restart,4,5,Poached,,,,,,,,
22,2,21,RSA,KEN,Poach,11,13,TRY,,TRY: converted,,,,,,
23,1,1,SCO,POR,Restart,6,11,Intercept,,,,,,,,
23,1,2,POR,SCO,Intercept,5,13,Line out stolen,,,,,,,,
23,1,3,SCO,POR,Line out stolen,3,14,TRY,,TRY: converted,,,,,,
23,1,4,POR,SCO,FK,8,11,Intercept,FK: restart not 10,,,,,,,
23,1,5,SCO,POR,Intercept,5,2,Poached,,,,,,,,
23,1,6,POR,SCO,Poach,14,10,Kick,Poach: tackler behind bridge,,,,,,,
23,1,7,SCO,POR,Kick,3,3,HE,,HE: knock on,,,,,,
23,1,8,POR,SCO,Scrum,13,14,TRY,,TRY: converted,,,,,,
23,1,9,SCO,POR,Restart,6,14,TRY,,TRY: converted,,,,,,
23,2,10,SCO,POR,Reclaim,12,11,PEN,,PEN: ball carrier not releasing,,,,,,
23,2,11,POR,SCO,PK,5,15,PEN,PK: ball carrier not releasing,PEN: knocked fwd to team mate,,,,,,
23,2,12,SCO,POR,FK,1,14,TRY,FK: scrum infraction,TRY: converted,,,,,,
23,2,13,POR,SCO,Restart,5,9,Counter ruck,,,,,,,,
23,2,14,SCO,POR,Counter ruck,7,11,PEN,,PEN: diving over,,,,,,
23,2,15,POR,SCO,PK,5,13,Intercept,PK: diving over,,,,,,,
23,2,16,SCO,POR,Intercept,3,2,Kick,,,,,,,,
23,1,17,POR,SCO,Kick,14,14,TRY,,TRY: converted,,,,,,
23,1,18,POR,SCO,Reclaim,11,14,TRY,,TRY: converted,,,,,,
24,1,1,AUS,FIJ,Restart,4,5,Poached,,,,,,,,
24,1,2,FIJ,AUS,Poach,11,14,TRY,Poach: standing tackle,TRY: converted,,,,,,
24,1,3,AUS,FIJ,Scrum,5,3,Intercept,Scrum: knocked on restart,,,,,,,
24,1,4,FIJ,AUS,Intercept,13,13,Intercept,,,,,,,,
24,1,5,AUS,FIJ,Intercept,3,5,Intercept,,,,,,,,
24,1,6,FIJ,AUS,Intercept,11,14,TRY,,TRY: converted,,,,,,
24,1,7,AUS,FIJ,Restart,6,6,Intercept,,,,,,,,
24,1,8,FIJ,AUS,Intercept,10,14,TRY,,TRY: converted,,,,,,
24,1,9,AUS,FIJ,Restart,5,13,Tackled to touch,,,,,,,,
24,1,10,FIJ,AUS,Line out,3,3,Kick,,,,,,,,
24,1,11,AUS,FIJ,Kick,5,5,Kick,,,,,,,,
24,1,12,FIJ,AUS,Kick,2,14,TRY,,TRY: converted,,,,,,
24,2,13,FIJ,AUS,Restart,4,14,TRY,,TRY: converted,,,,,,
24,2,14,AUS,FIJ,Scrum,5,4,HE,,HE: knock on,,,,,,
24,2,15,FIJ,AUS,Scrum,15,11,Intercept,,,,,,,,
24,2,16,AUS,FIJ,Intercept,5,13,Intercept,,,,,,,,
24,2,17,FIJ,AUS,Intercept,3,3,HE,,HE: knock on,,,,,,
24,2,18,AUS,FIJ,Scrum,14,15,TRY,,,,,,,,
24,2,19,FIJ,AUS,Line out,4,4,Line out stolen,,,,,,,,
24,2,20,AUS,FIJ,Line out stolen,12,14,TRY,,TRY: converted,,,,,,
25,1,1,FRA,CAN,Restart,8,14,TRY,,TRY: converted,,,,,,
25,1,2,CAN,FRA,Restart,6,13,PEN,,PEN: ball carrier not releasing,,,,,,
25,1,3,FRA,CAN,PK,3,14,TRY,PK: ball carrier not releasing,TRY: converted,,,,,,
25,1,4,CAN,FRA,Restart,5,14,TRY,,TRY: converted,,,,,,
25,1,5,FRA,CAN,Restart,5,4,HE,,HE: knock on,,,,,,
25,1,6,CAN,FRA,Scrum,12,8,Intercept,,,,,,,,
25,1,7,FRA,CAN,Intercept,9,9,Kick to touch,,,,,,,,
25,2,8,CAN,FRA,Restart,6,6,PEN,,PEN: ball carrier not releasing,,,,,,
25,2,9,FRA,CAN,PK,10,11,HE,PK: ball carrier not releasing,HE: fwd pass,,,,,,
25,2,10,CAN,FRA,Scrum,5,14,TRY,,TRY: converted,,,,,,
25,2,11,CAN,FRA,PK,11,12,Line out stolen,PK: contact with jumping player on restart,,,,,,,
25,2,12,FRA,CAN,Line out stolen,4,15,TRY,,TRY: converted,,,,,,
25,2,13,CAN,FRA,Restart,6,13,TRY,,,,,,,,
25,2,14,FRA,CAN,Restart,5,4,Kick to touch,,,,,,,,
26,1,1,SCO,ASM,Restart,5,14,TRY,,TRY: converted,,,,,,
26,1,2,SCO,ASM,Reclaim,8,8,Poached,,Poached: lost in standing tackle,,,,,,
26,1,3,ASM,SCO,Poach,8,9,Kick,,,,,,,,
26,1,4,SCO,ASM,Kick,4,14,TRY,,TRY: converted,,,,,,
26,1,5,SCO,ASM,Reclaim,15,14,TRY,,,,,,,,
26,1,6,ASM,SCO,Restart,6,6,Tackled to touch,,,,,,,,
26,1,7,SCO,ASM,Line out,10,10,HE,,HE: fwd pass,,,,,,
26,1,8,ASM,SCO,PK,6,14,TRY,PK: off side at scrum,TRY: converted,,,,,,
26,2,9,SCO,ASM,Reclaim,12,11,Intercept,,,,,,,,
26,2,10,ASM,SCO,Intercept,5,13,Line out stolen,,,,,,,,
26,2,11,SCO,ASM,Line out stolen,3,2,PEN,,PEN: ball carrier not releasing,,,,,,
26,2,12,ASM,SCO,PK,14,14,TRY,PK: ball carrier not releasing,,,,,,,
26,2,13,SCO,ASM,Restart,4,14,TRY,,,,,,,,
26,2,14,SCO,ASM,FK,12,11,HE,FK: scrum infraction after knock on restart,HE: knock on,,,,,,
26,2,15,ASM,SCO,Scrum,5,4,Kick to touch,,,,,,,,
27,1,1,USA,JPN,Restart,4,12,HE,,HE: fwd pass,,,,,,
27,1,2,JPN,USA,Scrum,4,5,PEN,,PEN: ball carrier not releasing,,,,,,
27,1,3,USA,JPN,PK,11,14,TRY,PK: ball carrier not releasing,TRY: converted,,,,,,
27,1,4,USA,JPN,Reclaim,8,7,HE,,HE: ball thrown to touch,,,,,,
27,1,5,JPN,USA,Line out,9,6,HE,,HE: knock on,,,,,,
27,1,6,USA,JPN,Scrum,10,14,TRY,,TRY: converted,,,,,,
27,1,7,JPN,USA,Scrum,4,9,PEN,Scrum: knocked on restart,PEN: diving over,,,,,,
27,1,8,USA,JPN,PK,7,14,TRY,PK: diving over,TRY: converted,,,,,,
27,1,9,JPN,USA,PK,4,15,Tackled to touch,PK: contact with jumping player on restart,,,,,,,
27,2,10,JPN,USA,Restart,3,11,PEN,,PEN: ball carrier not releasing,,,,,,
27,2,11,USA,JPN,PK,5,9,HE,PK: ball carrier not releasing,HE: knock on,,,,,,
27,2,12,JPN,USA,Scrum,7,15,Intercept,,,,,,,,
27,2,13,USA,JPN,Intercept,1,1,Kick,,,,,,,,
27,2,14,JPN,USA,Kick,6,9,PEN,,PEN: ball carrier not releasing,,,,,,
27,2,15,USA,JPN,PK,7,14,TRY,PK: ball carrier not releasing,,,,,,,
27,2,16,JPN,USA,PK,4,15,TRY,PK: contact with jumping player on restart,,,,,,,
28,1,1,KEN,POR,FK,8,15,TRY,FK: restart not 10,,,,,,,
28,1,2,POR,KEN,Restart,6,9,Intercept,,Intercept: offload,,,,,,
28,1,3,KEN,POR,Intercept,7,14,Intercept,,Intercept: pass to opponent,,,,,,
28,1,4,POR,KEN,Intercept,5,13,TRY,,,,,,,,
28,1,5,KEN,POR,FK,8,15,Counter ruck,FK: restart not 10,Counter ruck: uncovered,,,,,,
28,1,6,POR,KEN,Counter ruck,1,1,Counter ruck,,,,,,,,
28,1,7,KEN,POR,Counter ruck,13,13,TRY,,,,,,,,
28,2,8,POR,KEN,Restart,3,3,Kick,,,,,,,,
28,2,9,KEN,POR,Kick,4,13,TRY,,TRY: converted,,,,,,
28,2,10,POR,KEN,FK,8,14,TRY,FK: restart direct to touch,TRY: converted,,,,,,
28,2,11,KEN,POR,Restart,5,13,PEN,,PEN: fwd to teammate,,,,,,
28,2,12,POR,KEN,PK,3,9,Line out stolen,PK: fwd to player in off side position,,,,,,,
28,2,13,KEN,POR,Line out stolen,7,10,Poached,,,,,,,,
28,2,14,POR,KEN,Poach,6,13,TRY,,TRY: converted,,,,,,
28,2,15,KEN,POR,Restart,1,4,PEN,,PEN: 8 players on field,,,,,,
28,2,16,POR,KEN,PK,6,6,Kick to touch,PK: 8 players on field,,,,,,,
29,1,1,NZL,ENG,Scrum,5,14,Intercept,Scrum: knocked on restart,Intercept: pass to opponent,,,,,,
29,1,2,ENG,NZL,Intercept,2,14,TRY,,TRY: converted,,,,,,
29,1,3,NZL,ENG,Restart,4,14,TRY,,TRY: converted,,,,,,
29,1,4,ENG,NZL,FK,8,15,TRY,FK: restart not 10,TRY: converted,,,,,,
29,2,5,ENG,NZL,Restart,5,11,HE,,HE: ball lost fwd in tackle,,,,,,
29,2,6,NZL,ENG,Scrum,5,9,HE,,HE: ball lost to touch,,,,,,
29,2,7,ENG,NZL,Line out,7,14,TRY,,,,,,,,
29,2,8,NZL,ENG,Restart,4,5,Intercept,,Intercept: offload,,,,,,
29,2,9,ENG,NZL,Intercept,11,13,TRY,,,,,,,,
29,2,10,NZL,ENG,Restart,4,4,Tackled to touch,,,,,,,,
29,2,11,ENG,NZL,Line out,12,14,TRY,,TRY: converted,,,,,,
30,1,1,FIJ,WAL,Scrum,6,5,Intercept,Scrum: knocked on restart,,,,,,,
30,1,2,WAL,FIJ,Intercept,12,14,TRY,,,,,,,,
30,1,3,FIJ,WAL,Restart,6,14,TRY,,TRY: converted,,,,,,
30,1,4,FIJ,WAL,Reclaim,5,14,TRY,,TRY: converted,,,,,,
30,1,5,WAL,FIJ,Scrum,5,15,TRY,Scrum: knocked on restart,,,,,,,
30,2,6,WAL,FIJ,Restart,5,13,Maul,,Maul: held up,,,,,,
30,2,7,FIJ,WAL,Scrum,3,6,HE,Scrum: maul held up,HE: forward pass,,,,,,
30,2,8,WAL,FIJ,Scrum,10,11,Kick,,,,,,,,
30,2,9,FIJ,WAL,Scrum,5,14,TRY,Scrum: kicked through goal,TRY: converted,,,,,,
30,2,10,FIJ,WAL,Reclaim,11,15,TRY,,,,,,,,
30,2,11,WAL,FIJ,Restart,6,9,Intercept,,Intercept: pass to opponent,,,,,,
30,2,12,FIJ,WAL,Intercept,7,14,TRY,,,,,,,,
30,2,13,WAL,FIJ,Restart,5,6,Intercept,,Intercept: offload,,,,,,
30,2,14,FIJ,WAL,Intercept,10,11,PEN,,PEN: ref interference,,,,,,
31,1,1,ARG,SAM,Restart,5,13,HE,,HE: knock on,,,,,,
31,1,2,SAM,ARG,Scrum,3,2,HE,,HE: ball lost fwd in tackle,,,,,,
31,1,3,ARG,SAM,Scrum,14,14,HE,,HE: knock on,,,,,,
31,1,4,SAM,ARG,Scrum,2,13,TRY,,,,,,,,
31,1,5,SAM,ARG,Reclaim,5,13,Tackled to touch,,,,,,,,
31,1,6,ARG,SAM,PK,3,12,HE,PK: slowing the ball,HE: knock on,,,,,,
31,1,7,SAM,ARG,Scrum,4,4,Scrum lost,,,,,,,,
31,1,8,ARG,SAM,Scrum stolen,12,14,TRY,,TRY: converted,,,,,,
31,2,9,ARG,SAM,Reclaim,11,11,HE,,HE: knock on,,,,,,
31,2,10,SAM,ARG,Scrum,5,5,Kick,,,,,,,,
31,2,11,ARG,SAM,Kick,2,13,TRY,,TRY: converted,,,,,,
31,2,12,ARG,SAM,Reclaim,11,10,Counter ruck,,,,,,,,
31,2,13,SAM,ARG,Counter ruck,6,11,Poached,,,,,,,,
31,2,14,ARG,SAM,Poach,5,14,TRY,,TRY: converted,,,,,,
31,2,15,SAM,ARG,Restart,5,14,TRY,,TRY: converted,,,,,,
31,2,16,SAM,ARG,Reclaim,11,15,TRY,,,,,,,,
31,2,17,SAM,ARG,Reclaim,11,15,PT,,PT: no arms in tackle on try; TRY: converted,,,,,,
31,2,18,ARG,SAM,Restart,6,7,Intercept,,,,,,,,
31,2,19,SAM,ARG,Intercept,9,9,Kick to touch,,,,,,,,
32,1,1,AUS,RSA,Restart,4,3,Kick,,,,,,,,
32,1,2,RSA,AUS,Kick,7,1,Tackled to touch,,,,,,,,
32,1,3,AUS,RSA,Line out,15,13,TRY,,,,,,,,
32,1,4,RSA,AUS,Restart,1,1,Kick to touch,,,,,,,,
32,1,5,AUS,RSA,Line out,12,14,PEN,,PEN: ball carrier not releasing,,,,,,
32,1,6,RSA,AUS,PK,2,14,TRY,PK: ball carrier not releasing,TRY: converted,,,,,,
32,2,7,RSA,AUS,Restart,1,1,Kick,,,,,,,,
32,2,8,AUS,RSA,Line out,9,11,PEN,,PEN: ball carrier not releasing,,,,,,
32,2,9,RSA,AUS,PK,5,15,TRY,PK: ball carrier not releasing,,,,,,,
32,2,10,AUS,RSA,Restart,4,5,HE,,HE: knock on,,,,,,
32,2,11,RSA,AUS,Scrum,11,10,HE,,HE: lost fwd in tackle,,,,,,
32,2,12,AUS,RSA,Scrum,6,6,Scrum lost,,,,,,,,
32,2,13,RSA,AUS,Scrum stolen,8,13,Line out stolen,,,,,,,,
32,2,14,AUS,RSA,Line out stolen,3,14,TRY,,,,,,,,
33,1,1,CAN,ASM,Reclaim,11,13,TRY,,,,,,,,
33,1,2,CAN,ASM,Reclaim,10,14,TRY,,,,,,,,
33,1,3,CAN,ASM,Reclaim,10,11,Intercept,,,,,,,,
33,1,4,ASM,CAN,Intercept,5,11,Poached,,,,,,,,
33,1,5,CAN,ASM,Poach,5,14,TRY,,TRY: converted,,,,,,
33,1,6,CAN,ASM,Reclaim,12,14,TRY,,TRY: converted,,,,,,
33,1,7,ASM,CAN,Restart,4,4,PEN,,PEN: ball carrier not releasing,,,,,,
33,1,8,CAN,ASM,PK,12,14,TRY,PK: ball carrier not releasing,TRY: converted,,,,,,
33,2,9,CAN,ASM,Restart,4,14,TRY,,TRY: converted,,,,,,
33,2,10,ASM,CAN,Restart,2,1,Tackled to touch,,,,,,,,
33,2,11,CAN,ASM,Line out,15,13,TRY,,,,,,,,
33,2,12,CAN,ASM,Reclaim,11,14,TRY,,TRY: converted,,,,,,
33,2,13,CAN,ASM,Reclaim,10,10,HE,,HE: knock on,,,,,,
33,2,14,ASM,CAN,Scrum,6,3,HE,,HE: knock on,,,,,,
34,1,1,JPN,KEN,Restart,3,8,Poached,,Poached: lost in standing tackle,,,,,,
34,1,2,KEN,JPN,Poach,8,14,TRY,,TRY: converted,,,,,,
34,1,3,JPN,KEN,Restart,6,14,Maul,,Maul: held up,,,,,,
34,1,4,KEN,JPN,Maul,2,2,PEN,,PEN: ball carrier not releasing,,,,,,
34,1,5,JPN,KEN,PK,14,13,TRY,PK: ball carrier not releasing,,,,,,,
34,1,6,JPN,KEN,Reclaim,11,15,TRY,,,,,,,,
34,1,7,KEN,JPN,Restart,8,4,Tackled to touch,,,,,,,,
34,1,8,JPN,KEN,Line out,12,9,Kick to touch,,,,,,,,
34,2,9,KEN,JPN,Restart,4,13,TRY,,,,,,,,
34,2,10,JPN,KEN,Restart,6,14,TRY,,,,,,,,
34,2,11,JPN,KEN,Scrum,10,13,PEN,Scrum: knocked to touch on restart,PEN: ball carrier not releasing,,,,,,
34,2,12,KEN,JPN,PK,3,13,TRY,PK: ball carrier not releasing,,,,,,,
34,2,13,JPN,KEN,FK,8,14,Maul,FK: restart direct to touch,Maul: held up,,,,,,
35,1,1,FRA,SCO,Restart,5,12,HE,,HE: ball thrown to touch,,,,,,
35,1,2,SCO,FRA,Line out,4,4,Line out stolen,,,,,,,,
35,1,3,FRA,SCO,Line out stolen,9,15,TRY,,TRY: converted,,,,,,
35,1,4,SCO,FRA,Restart,5,9,PEN,,PEN: ball carrier not releasing,,,,,,
35,1,5,FRA,SCO,PK,7,11,HE,PK: ball carrier not releasing,HE: ball lost fwd in tackle,,,,,,
35,1,6,SCO,FRA,Scrum,5,2,HE,,HE: knock on,,,,,,
35,1,7,FRA,SCO,Scrum,14,14,Intercept,,,,,,,,
35,1,8,SCO,FRA,Intercept,2,7,HE,,HE: ball thrown to touch,,,,,,
35,1,9,FRA,SCO,Line out,12,14,TRY,,TRY: converted,,,,,,
35,1,10,FRA,SCO,Reclaim,11,8,Kick to touch,,,,,,,,
35,2,11,FRA,SCO,Reclaim,10,13,TRY,,,,,,,,
35,2,12,FRA,SCO,Reclaim,8,9,Poached,,,,,,,,
35,2,13,SCO,FRA,Poach,7,12,PEN,"Poach: from behind, no ruck formed",PEN: ball carrier not releasing,,,,,,
35,2,14,FRA,SCO,PK,4,12,Tackled to touch,PK: ball carrier not releasing,,,,,,,
35,2,15,SCO,FRA,Line out,4,4,Line out stolen,,,,,,,,
35,2,16,FRA,SCO,Line out stolen,12,15,HE,,HE: knock on,,,,,,
35,2,17,SCO,FRA,Scrum,1,7,HE,,HE: ball lost fwd in tackle,,,,,,
35,2,18,FRA,SCO,Scrum,12,15,Poached,,,,,,,,
35,2,19,SCO,FRA,Poach,3,11,Intercept,,Intercept: knocked fwd,,,,,,
35,2,20,FRA,SCO,Intercept,5,14,TRY,,TRY: converted,,,,,,
35,2,21,SCO,FRA,Restart,4,15,PEN,,PEN: ball carrier not releasing,,,,,,
35,2,22,FRA,SCO,PK,1,1,Kick to touch,PK: ball carrier not releasing,,,,,,,
36,1,1,POR,USA,PK,4,10,Line out stolen,PK: contact with jumping player on restart,,,,,,,
36,1,2,USA,POR,Line out stolen,6,13,TRY,,,,,,,,
36,1,3,USA,POR,Reclaim,6,14,TRY,,TRY: converted,,,,,,
36,1,4,POR,USA,Restart,6,12,PEN,,PEN: ball carrier not releasing,,,,,,
36,1,5,USA,POR,Line out,4,12,Tackled to touch,,,,,,,,
36,1,6,POR,USA,Line out,4,10,Intercept,,Intercept: knocked fwd,,,,,,
36,1,7,USA,POR,Intercept,4,14,TRY,,TRY: converted,,,,,,
36,2,8,USA,POR,Restart,6,14,TRY,,TRY: converted,,,,,,
36,2,9,POR,USA,Restart,6,4,Tackled to touch,,,,,,,,
36,2,10,USA,POR,Line out,12,7,PEN,,PEN: ball carrier not releasing,,,,,,
36,2,11,POR,USA,PK,9,15,PEN,PK: ball carrier not releasing,PEN: collapsing the ruck,,,,,,
36,2,12,USA,POR,PK,1,13,TRY,PK: collapsing the ruck,TRY: converted,,,,,,
36,2,13,POR,USA,Restart,6,8,HE,,HE: ball thrown to touch,,,,,,
36,2,14,USA,POR,Scrum,7,8,Counter ruck,,,,,,,,
36,2,15,POR,USA,Counter ruck,8,7,Intercept,,Intercept: offload,,,,,,
36,2,16,USA,POR,Intercept,9,9,Kick to touch,,,,,,,,
37,1,1,WAL,NZL,Restart,6,6,PEN,,PEN: ball carrier not releasing,,,,,,
37,1,2,NZL,WAL,PK,10,14,TRY,PK: ball carrier not releasing,TRY: converted,,,,,,
37,1,3,WAL,NZL,Restart,3,14,TRY,,,,,,,,
37,1,4,NZL,WAL,Restart,6,15,TRY,,,,,,,,
37,1,5,WAL,NZL,Restart,5,12,HE,,HE: fwd pass,,,,,,
37,1,6,NZL,WAL,Scrum,4,14,TRY,,TRY: converted,,,,,,
37,2,7,NZL,WAL,Restart,5,13,TRY,,,,,,,,
37,2,8,NZL,WAL,Line out,7,15,TRY,Line out: lost to touch by receiving team,,,,,,,
37,2,9,NZL,WAL,Scrum,11,13,TRY,Scrum: knocked on restart,,,,,,,
37,2,10,NZL,WAL,Reclaim,11,12,Kick,,,,,,,,
37,2,11,WAL,NZL,Kick,1,1,Counter ruck,,,,,,,,
37,2,12,NZL,WAL,Counter ruck,15,14,TRY,,TRY: converted,,,,,,
38,1,1,AUS,ARG,Reclaim,5,15,Intercept,,Intercept: knocked fwd,,,,,,
38,1,2,ARG,AUS,Intercept,1,7,Intercept,,Intercept: knocked fwd,,,,,,
38,1,3,AUS,ARG,Intercept,9,12,PEN,,PEN: diving over,,,,,,
38,1,4,ARG,AUS,PK,4,14,TRY,PK: diving over,TRY: converted,,,,,,
38,1,5,AUS,ARG,Restart,5,8,PEN,,PEN: playing ball on ground,,,,,,
38,1,6,ARG,AUS,PK,8,10,HE,PK: playing ball on ground,HE: knock on,,,,,,
38,1,7,AUS,ARG,Scrum,12,15,TRY,,,,,,,,
38,1,8,AUS,ARG,Reclaim,8,14,TRY,,TRY: converted,,,,,,
38,2,9,ARG,AUS,Scrum,11,13,Kick to touch,Scrum: knocked on restart,,,,,,,
38,2,10,AUS,ARG,22,1,1,HE,,HE: knock on,,,,,,
38,2,11,ARG,AUS,Scrum,11,10,HE,,HE: knock on,,,,,,
38,2,12,AUS,ARG,Scrum,6,15,TRY,,,,,,,,
38,2,13,AUS,ARG,Reclaim,11,12,Kick,,,,,,,,
38,2,14,ARG,AUS,Kick,1,13,HE,,HE: knock on,,,,,,Counter ruck
38,2,15,AUS,ARG,Scrum,3,3,Kick to touch,,,,,,,,Intercept
38,2,16,ARG,AUS,Line out,13,13,TRY,,TRY: converted,,,,,,Kick
38,2,17,ARG,AUS,Restart,11,14,TRY,,,,,,,,Kick to touch
39,1,1,FIJ,ENG,Restart,5,14,TRY,,TRY: converted,,,,,,HE
39,1,2,ENG,FIJ,Restart,5,14,TRY,,TRY: converted,,,,,,Line out infraction
39,1,3,FIJ,ENG,Restart,6,14,TRY,,TRY: converted,,,,,,Line out stolen
39,1,4,ENG,FIJ,Restart,6,6,HE,,HE: knock on,,,,,,Maul
39,1,5,FIJ,ENG,Scrum,10,14,TRY,,TRY: converted,,,,,,PEN
39,1,6,ENG,FIJ,PK,6,5,PEN,PK: contact with jumping player on restart,PEN: ball carrier not releasing,,,,,,Poached
39,1,7,FIJ,ENG,PK,11,15,TRY,PK: ball carrier not releasing,,,,,,,PG
39,2,8,ENG,FIJ,Restart,6,9,HE,,HE: ball thrown to touch,,,,,,Tackled in goal
39,2,9,FIJ,ENG,Line out,7,7,Line out stolen,,,,,,,,PT
39,2,10,ENG,FIJ,Line out stolen,9,8,PEN,,PEN: ball carrier not releasing,,,,,,Poached
39,2,11,FIJ,ENG,PK,8,14,TRY,PK: ball carrier not releasing,TRY: converted,,,,,,Scrum lost
39,2,12,FIJ,ENG,Reclaim,11,13,TRY,,,,,,,,Tackled to touch
39,2,13,FIJ,ENG,Reclaim,8,7,Kick,,,,,,,,TRY
39,2,14,ENG,FIJ,Kick,9,8,Kick,,,,,,,,
39,2,15,FIJ,ENG,Kick,5,13,TRY,,,,,,,,
39,2,16,ENG,FIJ,PK,5,11,PEN,PK: contact with jumping player on restart,PEN: side entry,,,,,,
39,2,17,FIJ,ENG,PK,5,13,TRY,PK: side entry,,,,,,,
40,1,1,SAM,RSA,Restart,4,6,PEN,,PEN: ball carrier not releasing,,,,,,
40,1,2,RSA,SAM,PK,10,11,Intercept,PK: ball carrier not releasing,Intercept: offload,,,,,,
40,1,3,SAM,RSA,Intercept,5,14,TRY,,TRY: converted,,,,,,
40,1,4,SAM,RSA,Reclaim,11,14,TRY,,TRY: converted,,,,,,
40,1,5,RSA,SAM,Restart,6,10,HE,,HE: ball thrown to touch,,,,,,
40,1,6,SAM,RSA,Scrum,6,6,Poached,,,,,,,,
40,1,7,RSA,SAM,Poach,10,13,TRY,,,,,,,,
40,2,8,RSA,SAM,Scrum,5,14,TRY,Scrum: knocked on restart,TRY: converted,,,,,,
40,2,9,SAM,RSA,Restart,4,9,Kick to touch,,,,,,,,
40,2,10,RSA,SAM,Line out,1,12,Intercept,,,,,,,,
40,2,11,SAM,RSA,Intercept,4,4,PEN,,PEN: ball carrier not releasing,,,,,,
40,2,12,RSA,SAM,PK,12,13,Poached,PK: ball carrier not releasing,,,,,,,
40,2,13,SAM,RSA,Poach,3,8,Poached,,,,,,,,
40,2,14,RSA,SAM,Poach,8,8,Intercept,,,,,,,,
40,2,15,SAM,RSA,Intercept,8,14,TRY,,TRY: converted,,,,,,
40,2,16,RSA,SAM,Line out,1,1,Line out stolen,Line out: restart kicked to touch,,,,,,,
40,2,17,SAM,RSA,Line out stolen,15,14,TRY,,TRY: converted,,,,,,
41,1,1,CAN,KEN,Restart,3,12,PEN,,PEN: ball carrier not releasing,,,,,,
41,1,2,KEN,CAN,PK,4,5,Intercept,PK: ball carrier not releasing,Intercept: knocked fwd,,,,,,
41,1,3,CAN,KEN,Intercept,11,14,TRY,,TRY: converted,,,,,,
41,1,4,CAN,KEN,Reclaim,7,11,Kick,,,,,,,,
41,1,5,KEN,CAN,Kick,2,2,PEN,,PEN: diving over,,,,,,
41,1,6,CAN,KEN,PK,14,13,Counter ruck,PK: diving over,,,,,,,
41,1,7,KEN,CAN,Counter ruck,3,3,Kick,,,,,,,,
41,1,8,CAN,KEN,Kick,14,15,TRY,,TRY: converted,,,,,,
41,1,9,CAN,KEN,Scrum,12,15,Tackled to touch,Scrum: knocked on restart,,,,,,,
41,1,10,KEN,CAN,Line out,1,14,TRY,,TRY: converted,,,,,,
41,1,11,CAN,KEN,Restart,3,3,Kick to touch,,,,,,,,
41,2,12,CAN,KEN,Reclaim,7,14,TRY,,TRY: converted,,,,,,
41,2,13,KEN,CAN,Scrum,6,6,PEN,Scrum: knocked on restart,PEN: ball carrier not releasing,,,,,,
41,2,14,CAN,KEN,PK,10,15,TRY,PK: ball carrier not releasing,TRY: converted,,,,,,
41,2,15,CAN,KEN,Reclaim,12,13,TRY,,,,,,,,
41,2,16,KEN,CAN,Restart,5,5,PEN,,PEN: ball carrier not releasing,,,,,,
41,2,17,CAN,KEN,PK,11,10,PEN,PK: ball carrier not releasing,PEN: playing the man off the ball,,,,,,
41,2,18,KEN,CAN,PK,6,2,Poached,PK: playing the man off the ball,,,,,,,
41,2,19,CAN,KEN,Poach,14,14,TRY,,TRY: converted,,,,,,
42,1,1,USA,FRA,Restart,5,6,PEN,,PEN: ball carrier not releasing,,,,,,
42,1,2,FRA,USA,PK,10,10,PEN,PK: ball carrier not releasing,PEN: side entry,,,,,,
42,1,3,USA,FRA,PK,6,13,TRY,PK: side entry,,,,,,,
42,1,4,FRA,USA,Restart,5,7,Counter ruck,,,,,,,,
42,1,5,USA,FRA,Counter ruck,9,13,Tackled to touch,,,,,,,,
42,1,6,FRA,USA,Line out,3,5,PEN,Line out: quick,PEN: hands in the ruck,,,,,,
42,1,7,USA,FRA,PK,11,15,TRY,PK: hands in the ruck,,,,,22,,
42,1,8,FRA,USA,Restart,4,11,PEN,,PEN: collapsing the ruck,,,,Counter ruck,,
42,1,9,USA,FRA,PK,5,14,TRY,PK: collapsing the ruck,TRY: converted,,,,FK,,
42,2,10,FRA,USA,Restart,4,15,TRY,,,,,,Intercept,,
42,2,11,USA,FRA,Restart,4,6,HE,,HE: ball thrown to touch,,,,Kick,,
42,2,12,FRA,USA,PK,10,15,TRY,PK: ball thrown away out of play,,,,,Line out,,
42,2,13,USA,FRA,Restart,6,4,HE,,HE: ball thrown to touch,,,,Line out stolen,,
42,2,14,FRA,USA,Line out,12,13,TRY,,,,,,PK,,
42,2,15,USA,FRA,Restart,6,14,TRY,,TRY: converted,,,,Poach,,
42,2,16,USA,FRA,Reclaim,5,13,TRY,,TRY: converted,,,,PT,,
43,1,1,NZL,ARG,Restart,6,15,TRY,,TRY: converted,,,,Scrum,,
43,1,2,NZL,ARG,Reclaim,12,13,TRY,,,,,,Scrum stolen,,
43,1,3,NZL,ARG,Scrum,11,15,TRY,Scrum: knocked on restart,,,,,Restart,,
43,1,4,ARG,NZL,Restart,8,11,Poached,,,,,,Reclaim,,
43,1,5,NZL,ARG,Poach,5,15,TRY,,,,,,,,
43,1,6,ARG,NZL,Restart,5,9,Counter ruck,,,,,,,,
43,1,7,NZL,ARG,Counter ruck,7,13,TRY,,TRY: converted,,,,,,
43,2,8,NZL,ARG,Reclaim,12,4,Tackled to touch,,,,,,,,
43,2,9,ARG,NZL,Line out,12,12,Line out stolen,,,,,,,,
43,2,10,NZL,ARG,Line out stolen,4,14,TRY,,TRY: converted,,,,,,
43,2,11,NZL,ARG,Reclaim,11,11,Intercept,,Intercept: knocked fwd,,,,,,
43,2,12,ARG,NZL,Intercept,5,14,TRY,,TRY: converted,,,,,,
43,2,13,NZL,ARG,Restart,5,5,Intercept,,Intercept: knocked fwd,,,,,,
43,2,14,ARG,NZL,Intercept,11,14,TRY,,TRY: converted,,,,,,
43,2,15,ARG,NZL,Reclaim,11,12,Kick,,,,,,,,
43,2,16,NZL,ARG,Kick,1,1,Tackled to touch,,,,,,,,
43,1,17,ARG,NZL,Line out,15,14,Intercept,,Intercept: knocked fwd,,,,,,
43,1,18,NZL,ARG,Intercept,2,2,PEN,,PEN: hands in the ruck,,,,,,
43,1,19,ARG,NZL,PK,15,13,TRY,PK: hands in the ruck,TRY: converted,,,,,,
44,1,1,ENG,RSA,Restart,6,15,TRY,,TRY: converted,,,,,,
44,1,2,ENG,RSA,Reclaim,9,9,Counter ruck,,,,,,,,
44,1,3,RSA,ENG,Counter ruck,7,14,PEN,,PEN: hands in the ruck,,,,,,
44,1,4,ENG,RSA,PK,2,12,Kick,PK: hands in the ruck,,,,,,,
44,1,5,RSA,ENG,Kick,2,2,Intercept,,Intercept: knocked fwd,,,,,,
44,1,6,ENG,RSA,Intercept,14,14,TRY,,TRY: converted,,,,,,
44,1,7,ENG,RSA,Reclaim,12,13,TRY,,,,,,,,
44,2,8,RSA,ENG,Restart,5,14,Poached,,,,,,,,
44,2,9,ENG,RSA,Poach,2,7,Counter ruck,,,,,,,,
44,2,10,RSA,ENG,Counter ruck,9,13,PEN,,PEN: side entry,,,,,,
44,2,11,ENG,RSA,PK,3,12,Tackled to touch,PK: side entry,,,,,,,
44,2,12,RSA,ENG,Line out,4,5,PEN,,PEN: ball carrier not releasing,,,,,,
44,2,13,ENG,RSA,PK,11,11,Maul,PK: ball carrier not releasing,Maul: held up,,,,,,
44,2,14,RSA,ENG,Scrum,5,13,PEN,,PEN: ball carrier not releasing,,,,,,
44,2,15,ENG,RSA,PK,3,6,Line out stolen,PK: ball carrier not releasing,,,,,,,
44,2,16,RSA,ENG,Line out stolen,10,15,Tackled to touch,,,,,,,,
44,2,17,ENG,RSA,Scrum,1,8,Kick,,,,,,,,
44,2,18,RSA,ENG,Kick,8,8,Kick to touch,,,,,,,,
45,1,1,FIJ,SAM,Restart,5,15,TRY,,TRY: converted,,,,,,
45,1,2,SAM,FIJ,Restart,6,10,HE,,HE: knock on,,,,,,
45,1,3,FIJ,SAM,Scrum,6,14,TRY,,TRY: converted,,,,,,
45,1,4,SAM,FIJ,FK,8,5,Kick,FK: restart not 10,,,,,,,
45,1,5,FIJ,SAM,Kick,5,7,Tackled to touch,,,,,,,,
45,1,6,SAM,FIJ,Line out,9,8,PEN,,PEN: side entry,,,,,,
45,1,7,FIJ,SAM,PK,8,15,TRY,PK: side entry,,,,,,,
45,1,8,SAM,FIJ,Restart,6,5,HE,,HE: knock on,,,,,,
45,1,9,FIJ,SAM,Scrum,5,14,TRY,,TRY: converted,,,,,,
45,1,10,SAM,FIJ,Restart,5,14,TRY,,TRY: converted,,,,,,
45,2,11,SAM,FIJ,Line out,7,13,TRY,Line out: restart lost to touch by kicking team,,,,,,,
45,2,12,SAM,FIJ,Scrum,11,13,TRY,Scrum: knocked on restart,,,,,,,
45,2,13,FIJ,SAM,Restart,5,11,HE,,HE: knock on,,,,,,
45,2,14,SAM,FIJ,Scrum,5,14,TRY,,TRY: converted,,,,,,
45,2,15,FIJ,SAM,Restart,5,8,HE,,HE: fwd pass,,,,,,
45,2,16,SAM,FIJ,Scrum,8,7,PEN,,PEN: ball carrier not releasing,,,,,,
45,2,17,FIJ,SAM,PK,9,13,TRY,PK: ball carrier not releasing,,,,,,,
,,,,,,,,,,,,,,,,
,,,,,,,,,,,,,,,,
,,,,,,,,,,,,,,,,
,,,,,,,,,,,,,,,,
,,,,,,,,,,,,,,,,
,,,,,16.9111111111,,,,,,,,,,,
